-- phpMyAdmin SQL Dump
-- version 4.9.0.1
-- https://www.phpmyadmin.net/
--
-- Host: 127.0.0.1
-- Generation Time: Apr 27, 2022 at 03:42 PM
-- Server version: 10.4.6-MariaDB
-- PHP Version: 7.3.9

SET SQL_MODE = "NO_AUTO_VALUE_ON_ZERO";
SET AUTOCOMMIT = 0;
START TRANSACTION;
SET time_zone = "+00:00";


/*!40101 SET @OLD_CHARACTER_SET_CLIENT=@@CHARACTER_SET_CLIENT */;
/*!40101 SET @OLD_CHARACTER_SET_RESULTS=@@CHARACTER_SET_RESULTS */;
/*!40101 SET @OLD_COLLATION_CONNECTION=@@COLLATION_CONNECTION */;
/*!40101 SET NAMES utf8mb4 */;

--
-- Database: `sales`
--

-- --------------------------------------------------------

--
-- Table structure for table `collection`
--

CREATE TABLE `collection` (
  `transaction_id` int(11) NOT NULL,
  `date` varchar(100) NOT NULL,
  `name` varchar(100) NOT NULL,
  `invoice` varchar(100) NOT NULL,
  `amount` varchar(100) NOT NULL,
  `remarks` varchar(100) NOT NULL,
  `balance` int(11) NOT NULL
) ENGINE=InnoDB DEFAULT CHARSET=latin1;

-- --------------------------------------------------------

--
-- Table structure for table `customer`
--

CREATE TABLE `customer` (
  `customer_id` int(11) NOT NULL,
  `customer_name` varchar(100) NOT NULL,
  `address` varchar(100) NOT NULL,
  `contact` varchar(100) NOT NULL,
  `membership_number` varchar(100) NOT NULL,
  `prod_name` varchar(550) NOT NULL,
  `expected_date` varchar(500) NOT NULL,
  `note` varchar(500) NOT NULL
) ENGINE=InnoDB DEFAULT CHARSET=latin1;

--
-- Dumping data for table `customer`
--

INSERT INTO `customer` (`customer_id`, `customer_name`, `address`, `contact`, `membership_number`, `prod_name`, `expected_date`, `note`) VALUES
(15, 'kevo', 'chogoria', '0701409293', 'any amount', '', '', 'customer'),
(16, 'munene', 'chogoria.', '0719276061', '', '', '', ''),
(17, 'kelvin', '', '', '1000', 'panadol', '', 'emergency medicine'),
(18, 'ndereva', 'chogoria', '0712730983', 'any amount', 'any ', '2022-04-01', 'needed at 7.pm\r\n\r\ncollected at 7.25pm');

-- --------------------------------------------------------

--
-- Table structure for table `pma__bookmark`
--

CREATE TABLE `pma__bookmark` (
  `id` int(10) UNSIGNED NOT NULL,
  `dbase` varchar(255) COLLATE utf8_bin NOT NULL DEFAULT '',
  `user` varchar(255) COLLATE utf8_bin NOT NULL DEFAULT '',
  `label` varchar(255) CHARACTER SET utf8 NOT NULL DEFAULT '',
  `query` text COLLATE utf8_bin NOT NULL
) ENGINE=InnoDB DEFAULT CHARSET=utf8 COLLATE=utf8_bin COMMENT='Bookmarks';

-- --------------------------------------------------------

--
-- Table structure for table `pma__central_columns`
--

CREATE TABLE `pma__central_columns` (
  `db_name` varchar(64) COLLATE utf8_bin NOT NULL,
  `col_name` varchar(64) COLLATE utf8_bin NOT NULL,
  `col_type` varchar(64) COLLATE utf8_bin NOT NULL,
  `col_length` text COLLATE utf8_bin DEFAULT NULL,
  `col_collation` varchar(64) COLLATE utf8_bin NOT NULL,
  `col_isNull` tinyint(1) NOT NULL,
  `col_extra` varchar(255) COLLATE utf8_bin DEFAULT '',
  `col_default` text COLLATE utf8_bin DEFAULT NULL
) ENGINE=InnoDB DEFAULT CHARSET=utf8 COLLATE=utf8_bin COMMENT='Central list of columns';

-- --------------------------------------------------------

--
-- Table structure for table `pma__column_info`
--

CREATE TABLE `pma__column_info` (
  `id` int(5) UNSIGNED NOT NULL,
  `db_name` varchar(64) COLLATE utf8_bin NOT NULL DEFAULT '',
  `table_name` varchar(64) COLLATE utf8_bin NOT NULL DEFAULT '',
  `column_name` varchar(64) COLLATE utf8_bin NOT NULL DEFAULT '',
  `comment` varchar(255) CHARACTER SET utf8 NOT NULL DEFAULT '',
  `mimetype` varchar(255) CHARACTER SET utf8 NOT NULL DEFAULT '',
  `transformation` varchar(255) COLLATE utf8_bin NOT NULL DEFAULT '',
  `transformation_options` varchar(255) COLLATE utf8_bin NOT NULL DEFAULT '',
  `input_transformation` varchar(255) COLLATE utf8_bin NOT NULL DEFAULT '',
  `input_transformation_options` varchar(255) COLLATE utf8_bin NOT NULL DEFAULT ''
) ENGINE=InnoDB DEFAULT CHARSET=utf8 COLLATE=utf8_bin COMMENT='Column information for phpMyAdmin';

-- --------------------------------------------------------

--
-- Table structure for table `pma__designer_settings`
--

CREATE TABLE `pma__designer_settings` (
  `username` varchar(64) COLLATE utf8_bin NOT NULL,
  `settings_data` text COLLATE utf8_bin NOT NULL
) ENGINE=InnoDB DEFAULT CHARSET=utf8 COLLATE=utf8_bin COMMENT='Settings related to Designer';

-- --------------------------------------------------------

--
-- Table structure for table `pma__export_templates`
--

CREATE TABLE `pma__export_templates` (
  `id` int(5) UNSIGNED NOT NULL,
  `username` varchar(64) COLLATE utf8_bin NOT NULL,
  `export_type` varchar(10) COLLATE utf8_bin NOT NULL,
  `template_name` varchar(64) COLLATE utf8_bin NOT NULL,
  `template_data` text COLLATE utf8_bin NOT NULL
) ENGINE=InnoDB DEFAULT CHARSET=utf8 COLLATE=utf8_bin COMMENT='Saved export templates';

-- --------------------------------------------------------

--
-- Table structure for table `pma__favorite`
--

CREATE TABLE `pma__favorite` (
  `username` varchar(64) COLLATE utf8_bin NOT NULL,
  `tables` text COLLATE utf8_bin NOT NULL
) ENGINE=InnoDB DEFAULT CHARSET=utf8 COLLATE=utf8_bin COMMENT='Favorite tables';

-- --------------------------------------------------------

--
-- Table structure for table `pma__history`
--

CREATE TABLE `pma__history` (
  `id` bigint(20) UNSIGNED NOT NULL,
  `username` varchar(64) COLLATE utf8_bin NOT NULL DEFAULT '',
  `db` varchar(64) COLLATE utf8_bin NOT NULL DEFAULT '',
  `table` varchar(64) COLLATE utf8_bin NOT NULL DEFAULT '',
  `timevalue` timestamp NOT NULL DEFAULT current_timestamp(),
  `sqlquery` text COLLATE utf8_bin NOT NULL
) ENGINE=InnoDB DEFAULT CHARSET=utf8 COLLATE=utf8_bin COMMENT='SQL history for phpMyAdmin';

-- --------------------------------------------------------

--
-- Table structure for table `pma__navigationhiding`
--

CREATE TABLE `pma__navigationhiding` (
  `username` varchar(64) COLLATE utf8_bin NOT NULL,
  `item_name` varchar(64) COLLATE utf8_bin NOT NULL,
  `item_type` varchar(64) COLLATE utf8_bin NOT NULL,
  `db_name` varchar(64) COLLATE utf8_bin NOT NULL,
  `table_name` varchar(64) COLLATE utf8_bin NOT NULL
) ENGINE=InnoDB DEFAULT CHARSET=utf8 COLLATE=utf8_bin COMMENT='Hidden items of navigation tree';

-- --------------------------------------------------------

--
-- Table structure for table `pma__pdf_pages`
--

CREATE TABLE `pma__pdf_pages` (
  `db_name` varchar(64) COLLATE utf8_bin NOT NULL DEFAULT '',
  `page_nr` int(10) UNSIGNED NOT NULL,
  `page_descr` varchar(50) CHARACTER SET utf8 NOT NULL DEFAULT ''
) ENGINE=InnoDB DEFAULT CHARSET=utf8 COLLATE=utf8_bin COMMENT='PDF relation pages for phpMyAdmin';

-- --------------------------------------------------------

--
-- Table structure for table `pma__recent`
--

CREATE TABLE `pma__recent` (
  `username` varchar(64) COLLATE utf8_bin NOT NULL,
  `tables` text COLLATE utf8_bin NOT NULL
) ENGINE=InnoDB DEFAULT CHARSET=utf8 COLLATE=utf8_bin COMMENT='Recently accessed tables';

-- --------------------------------------------------------

--
-- Table structure for table `pma__relation`
--

CREATE TABLE `pma__relation` (
  `master_db` varchar(64) COLLATE utf8_bin NOT NULL DEFAULT '',
  `master_table` varchar(64) COLLATE utf8_bin NOT NULL DEFAULT '',
  `master_field` varchar(64) COLLATE utf8_bin NOT NULL DEFAULT '',
  `foreign_db` varchar(64) COLLATE utf8_bin NOT NULL DEFAULT '',
  `foreign_table` varchar(64) COLLATE utf8_bin NOT NULL DEFAULT '',
  `foreign_field` varchar(64) COLLATE utf8_bin NOT NULL DEFAULT ''
) ENGINE=InnoDB DEFAULT CHARSET=utf8 COLLATE=utf8_bin COMMENT='Relation table';

-- --------------------------------------------------------

--
-- Table structure for table `pma__savedsearches`
--

CREATE TABLE `pma__savedsearches` (
  `id` int(5) UNSIGNED NOT NULL,
  `username` varchar(64) COLLATE utf8_bin NOT NULL DEFAULT '',
  `db_name` varchar(64) COLLATE utf8_bin NOT NULL DEFAULT '',
  `search_name` varchar(64) COLLATE utf8_bin NOT NULL DEFAULT '',
  `search_data` text COLLATE utf8_bin NOT NULL
) ENGINE=InnoDB DEFAULT CHARSET=utf8 COLLATE=utf8_bin COMMENT='Saved searches';

-- --------------------------------------------------------

--
-- Table structure for table `pma__table_coords`
--

CREATE TABLE `pma__table_coords` (
  `db_name` varchar(64) COLLATE utf8_bin NOT NULL DEFAULT '',
  `table_name` varchar(64) COLLATE utf8_bin NOT NULL DEFAULT '',
  `pdf_page_number` int(11) NOT NULL DEFAULT 0,
  `x` float UNSIGNED NOT NULL DEFAULT 0,
  `y` float UNSIGNED NOT NULL DEFAULT 0
) ENGINE=InnoDB DEFAULT CHARSET=utf8 COLLATE=utf8_bin COMMENT='Table coordinates for phpMyAdmin PDF output';

-- --------------------------------------------------------

--
-- Table structure for table `pma__table_info`
--

CREATE TABLE `pma__table_info` (
  `db_name` varchar(64) COLLATE utf8_bin NOT NULL DEFAULT '',
  `table_name` varchar(64) COLLATE utf8_bin NOT NULL DEFAULT '',
  `display_field` varchar(64) COLLATE utf8_bin NOT NULL DEFAULT ''
) ENGINE=InnoDB DEFAULT CHARSET=utf8 COLLATE=utf8_bin COMMENT='Table information for phpMyAdmin';

-- --------------------------------------------------------

--
-- Table structure for table `pma__table_uiprefs`
--

CREATE TABLE `pma__table_uiprefs` (
  `username` varchar(64) COLLATE utf8_bin NOT NULL,
  `db_name` varchar(64) COLLATE utf8_bin NOT NULL,
  `table_name` varchar(64) COLLATE utf8_bin NOT NULL,
  `prefs` text COLLATE utf8_bin NOT NULL,
  `last_update` timestamp NOT NULL DEFAULT current_timestamp() ON UPDATE current_timestamp()
) ENGINE=InnoDB DEFAULT CHARSET=utf8 COLLATE=utf8_bin COMMENT='Tables'' UI preferences';

-- --------------------------------------------------------

--
-- Table structure for table `pma__tracking`
--

CREATE TABLE `pma__tracking` (
  `db_name` varchar(64) COLLATE utf8_bin NOT NULL,
  `table_name` varchar(64) COLLATE utf8_bin NOT NULL,
  `version` int(10) UNSIGNED NOT NULL,
  `date_created` datetime NOT NULL,
  `date_updated` datetime NOT NULL,
  `schema_snapshot` text COLLATE utf8_bin NOT NULL,
  `schema_sql` text COLLATE utf8_bin DEFAULT NULL,
  `data_sql` longtext COLLATE utf8_bin DEFAULT NULL,
  `tracking` set('UPDATE','REPLACE','INSERT','DELETE','TRUNCATE','CREATE DATABASE','ALTER DATABASE','DROP DATABASE','CREATE TABLE','ALTER TABLE','RENAME TABLE','DROP TABLE','CREATE INDEX','DROP INDEX','CREATE VIEW','ALTER VIEW','DROP VIEW') COLLATE utf8_bin DEFAULT NULL,
  `tracking_active` int(1) UNSIGNED NOT NULL DEFAULT 1
) ENGINE=InnoDB DEFAULT CHARSET=utf8 COLLATE=utf8_bin COMMENT='Database changes tracking for phpMyAdmin';

-- --------------------------------------------------------

--
-- Table structure for table `pma__userconfig`
--

CREATE TABLE `pma__userconfig` (
  `username` varchar(64) COLLATE utf8_bin NOT NULL,
  `timevalue` timestamp NOT NULL DEFAULT current_timestamp() ON UPDATE current_timestamp(),
  `config_data` text COLLATE utf8_bin NOT NULL
) ENGINE=InnoDB DEFAULT CHARSET=utf8 COLLATE=utf8_bin COMMENT='User preferences storage for phpMyAdmin';

-- --------------------------------------------------------

--
-- Table structure for table `pma__usergroups`
--

CREATE TABLE `pma__usergroups` (
  `usergroup` varchar(64) COLLATE utf8_bin NOT NULL,
  `tab` varchar(64) COLLATE utf8_bin NOT NULL,
  `allowed` enum('Y','N') COLLATE utf8_bin NOT NULL DEFAULT 'N'
) ENGINE=InnoDB DEFAULT CHARSET=utf8 COLLATE=utf8_bin COMMENT='User groups with configured menu items';

-- --------------------------------------------------------

--
-- Table structure for table `pma__users`
--

CREATE TABLE `pma__users` (
  `username` varchar(64) COLLATE utf8_bin NOT NULL,
  `usergroup` varchar(64) COLLATE utf8_bin NOT NULL
) ENGINE=InnoDB DEFAULT CHARSET=utf8 COLLATE=utf8_bin COMMENT='Users and their assignments to user groups';

-- --------------------------------------------------------

--
-- Table structure for table `products`
--

CREATE TABLE `products` (
  `product_id` int(11) NOT NULL,
  `product_code` varchar(200) NOT NULL,
  `gen_name` varchar(200) NOT NULL,
  `product_name` varchar(200) NOT NULL,
  `cost` varchar(100) NOT NULL,
  `o_price` varchar(100) NOT NULL,
  `price` varchar(100) NOT NULL,
  `profit` varchar(100) NOT NULL,
  `supplier` varchar(100) NOT NULL,
  `onhand_qty` int(10) NOT NULL,
  `qty` int(10) NOT NULL,
  `qty_sold` int(10) NOT NULL,
  `expiry_date` varchar(500) NOT NULL,
  `date_arrival` varchar(500) NOT NULL
) ENGINE=InnoDB DEFAULT CHARSET=latin1;

--
-- Dumping data for table `products`
--

INSERT INTO `products` (`product_id`, `product_code`, `gen_name`, `product_name`, `cost`, `o_price`, `price`, `profit`, `supplier`, `onhand_qty`, `qty`, `qty_sold`, `expiry_date`, `date_arrival`) VALUES
(58, 'panadol', 'panadol', ' painkiler', '', '5', '10', '5', '', 0, 128, 1200, '2023-01-11', '2022-03-11'),
(59, 'amoxyl', 'amoxyl', ' antibiotics', '', '50', '100', '50', '', 0, 1234513, 1234567, '2023-03-11', '2022-03-11'),
(60, 'flagyl', 'metronidazole', ' antibiotics ', '', '3', '5', '2', 'kelvsmedsupplier', 0, 54, 100, '2024-05-31', '2022-03-10'),
(61, 'Tumbocid', 'Tumbocid', ' painkiller', '', '5', '10', '5', 'Dr.Japan', 0, 3000, 3000, '2023-05-15', '2022-04-27');

-- --------------------------------------------------------

--
-- Table structure for table `purchases`
--

CREATE TABLE `purchases` (
  `transaction_id` int(11) NOT NULL,
  `invoice_number` varchar(100) NOT NULL,
  `date` varchar(100) NOT NULL,
  `suplier` varchar(100) NOT NULL,
  `remarks` varchar(100) NOT NULL
) ENGINE=InnoDB DEFAULT CHARSET=latin1;

-- --------------------------------------------------------

--
-- Table structure for table `purchases_item`
--

CREATE TABLE `purchases_item` (
  `id` int(11) NOT NULL,
  `name` varchar(100) NOT NULL,
  `qty` int(11) NOT NULL,
  `cost` varchar(100) NOT NULL,
  `invoice` varchar(100) NOT NULL
) ENGINE=InnoDB DEFAULT CHARSET=latin1;

-- --------------------------------------------------------

--
-- Table structure for table `sales`
--

CREATE TABLE `sales` (
  `transaction_id` int(11) NOT NULL,
  `invoice_number` varchar(100) NOT NULL,
  `cashier` varchar(100) NOT NULL,
  `date` varchar(100) NOT NULL,
  `type` varchar(100) NOT NULL,
  `amount` varchar(100) NOT NULL,
  `profit` varchar(100) NOT NULL,
  `due_date` varchar(100) NOT NULL,
  `name` varchar(100) NOT NULL,
  `balance` varchar(100) NOT NULL
) ENGINE=InnoDB DEFAULT CHARSET=latin1;

--
-- Dumping data for table `sales`
--

INSERT INTO `sales` (`transaction_id`, `invoice_number`, `cashier`, `date`, `type`, `amount`, `profit`, `due_date`, `name`, `balance`) VALUES
(142, 'RS-6322333', 'Admin', '03/11/22', 'cash', '230', '115', '500', 'kelvin', ''),
(143, 'RS-234020', 'Admin', '03/14/22', 'cash', '150', '75', '1000', '', ''),
(144, 'RS-623330', 'Admin', '03/17/22', 'cash', '2100', '1050', '3000', '', ''),
(145, 'RS-763022', 'Admin', '03/31/22', 'cash', '15', '6', '500', '', ''),
(146, 'RS-330242', 'Admin', '03/31/22', 'cash', '10', '4', '400', 'ndereva', ''),
(147, 'RS-330242', 'Admin', '03/31/22', 'cash', '10', '4', '20', '', ''),
(148, 'RS-2238803', 'Admin', '03/31/22', 'cash', '100', '50', '100', 'ndereva', ''),
(149, '', 'Admin', '03/31/22', 'cash', '400', '200', '150', 'ndereva', ''),
(150, 'RS-09002', 'Admin', '03/31/22', 'cash', '100', '40', '1000', '', ''),
(151, 'RS-80630862', 'Admin', '03/31/22', 'cash', '10000', '5000', '120', 'kevo', ''),
(152, 'RS-022023', 'Admin', '03/31/22', 'cash', '310', '155', '500', 'kelvin', ''),
(153, 'RS-352253', 'Admin', '03/31/22', 'cash', '100', '50', '200', '', ''),
(154, 'RS-032324', 'Admin', '03/31/22', 'cash', '10', '5', '100', '', ''),
(155, 'RS-05322', 'Admin', '03/31/22', 'cash', '200', '100', '100', 'kelvin', ''),
(156, 'RS-9250363', 'Administrator', '03/31/22', 'cash', '100', '50', '100', '', ''),
(157, 'RS-0322', 'Admin', '04/12/22', 'cash', '25', '11', '1000', 'peter', ''),
(158, 'RS-760222', 'Admin', '04/12/22', 'cash', '15', '7', '1000', '', ''),
(159, 'RS-760222', 'Admin', '04/12/22', 'cash', '40', '17', '500', 'dennis', ''),
(160, 'RS-2308', 'cashier1', '04/27/22', 'cash', '2200', '1100', '3000', 'kelvin munene', ''),
(161, 'RS-23233325', 'Administrator', '04/27/22', 'cash', '100', '50', '200', 'kevo', ''),
(162, 'RS-2420730', 'cashier3', '04/27/22', 'cash', '55', '22', '100', 'kelv', '');

-- --------------------------------------------------------

--
-- Table structure for table `sales_order`
--

CREATE TABLE `sales_order` (
  `transaction_id` int(11) NOT NULL,
  `invoice` varchar(100) NOT NULL,
  `product` varchar(100) NOT NULL,
  `qty` varchar(100) NOT NULL,
  `amount` varchar(100) NOT NULL,
  `profit` varchar(100) NOT NULL,
  `product_code` varchar(150) NOT NULL,
  `gen_name` varchar(200) NOT NULL,
  `name` varchar(200) NOT NULL,
  `price` varchar(100) NOT NULL,
  `discount` varchar(100) NOT NULL,
  `date` varchar(500) NOT NULL
) ENGINE=InnoDB DEFAULT CHARSET=latin1;

--
-- Dumping data for table `sales_order`
--

INSERT INTO `sales_order` (`transaction_id`, `invoice`, `product`, `qty`, `amount`, `profit`, `product_code`, `gen_name`, `name`, `price`, `discount`, `date`) VALUES
(316, 'RS-6322333', '58', '1', '10', '5', 'panadol', 'panadol', ' painkiler', '10', '', '03/11/22'),
(317, 'RS-6322333', '58', '22', '220', '110', 'panadol', 'panadol', ' painkiler', '10', '', '03/11/22'),
(318, 'RS-234020', '58', '15', '150', '75', 'panadol', 'panadol', ' painkiler', '10', '', '03/14/22'),
(319, 'RS-623330', '58', '10', '100', '50', 'panadol', 'panadol', ' painkiler', '10', '', '03/17/22'),
(320, 'RS-623330', '59', '20', '2000', '1000', 'amoxyl', 'amoxyl', ' antibiotics', '100', '', '03/17/22'),
(321, 'RS-763022', '60', '3', '15', '6', 'flagyl', 'metronidazole', ' antibiotics', '5', '', '03/31/22'),
(323, 'RS-330242', '60', '2', '10', '4', 'flagyl', 'metronidazole', ' antibiotics', '5', '', '03/31/22'),
(324, 'RS-2238803', '59', '1', '100', '50', 'amoxyl', 'amoxyl', ' antibiotics', '100', '', '03/31/22'),
(325, '', '59', '4', '400', '200', 'amoxyl', 'amoxyl', ' antibiotics', '100', '', '03/31/22'),
(326, 'RS-22538', '60', '1', '5', '2', 'flagyl', 'metronidazole', ' antibiotics', '5', '', '03/31/22'),
(327, 'RS-09002', '60', '20', '100', '40', 'flagyl', 'metronidazole', ' antibiotics', '5', '', '03/31/22'),
(328, 'RS-80630862', '58', '1000', '10000', '5000', 'panadol', 'panadol', ' painkiler', '10', '', '03/31/22'),
(329, 'RS-022023', '59', '2', '200', '100', 'amoxyl', 'amoxyl', ' antibiotics', '100', '', '03/31/22'),
(330, 'RS-022023', '59', '1', '100', '50', 'amoxyl', 'amoxyl', ' antibiotics', '100', '', '03/31/22'),
(336, 'RS-0322', '58', '1', '10', '5', 'panadol', 'panadol', ' painkiler', '10', '', '04/12/22'),
(337, 'RS-0322', '60', '3', '15', '6', 'flagyl', 'metronidazole', ' antibiotics ', '5', '', '04/12/22'),
(338, 'RS-0322', '59', '1', '100', '50', 'amoxyl', 'amoxyl', ' antibiotics', '100', '', '04/12/22'),
(339, 'RS-760222', '58', '1', '10', '5', 'panadol', 'panadol', ' painkiler', '10', '', '04/12/22'),
(340, 'RS-760222', '60', '1', '5', '2', 'flagyl', 'metronidazole', ' antibiotics ', '5', '', '04/12/22'),
(341, 'RS-760222', '60', '5', '25', '10', 'flagyl', 'metronidazole', ' antibiotics ', '5', '', '04/12/22'),
(342, 'RS-2308', '59', '20', '2000', '1000', 'amoxyl', 'amoxyl', ' antibiotics', '100', '', '04/27/22'),
(343, 'RS-2308', '58', '20', '200', '100', 'panadol', 'panadol', ' painkiler', '10', '', '04/27/22'),
(344, 'RS-23233325', '59', '1', '100', '50', 'amoxyl', 'amoxyl', ' antibiotics', '100', '', '04/27/22'),
(345, 'RS-2420730', '60', '11', '55', '22', 'flagyl', 'metronidazole', ' antibiotics ', '5', '', '04/27/22');

-- --------------------------------------------------------

--
-- Table structure for table `supliers`
--

CREATE TABLE `supliers` (
  `suplier_id` int(11) NOT NULL,
  `suplier_name` varchar(100) NOT NULL,
  `suplier_address` varchar(100) NOT NULL,
  `suplier_contact` varchar(100) NOT NULL,
  `contact_person` varchar(100) NOT NULL,
  `note` varchar(500) NOT NULL
) ENGINE=InnoDB DEFAULT CHARSET=latin1;

--
-- Dumping data for table `supliers`
--

INSERT INTO `supliers` (`suplier_id`, `suplier_name`, `suplier_address`, `suplier_contact`, `contact_person`, `note`) VALUES
(5, 'kelvsmedsupplier', 'Ruiru', 'kelvs', '56789', 'best supplier'),
(6, 'Dr.Japan', 'Nairobi', 'DR JAPAN', '0701234567', '');

-- --------------------------------------------------------

--
-- Table structure for table `user`
--

CREATE TABLE `user` (
  `id` int(11) NOT NULL,
  `username` varchar(100) NOT NULL,
  `password` varchar(100) NOT NULL,
  `name` varchar(100) NOT NULL,
  `position` varchar(100) NOT NULL
) ENGINE=InnoDB DEFAULT CHARSET=latin1;

--
-- Dumping data for table `user`
--

INSERT INTO `user` (`id`, `username`, `password`, `name`, `position`) VALUES
(1, 'cashier1', 'cashier1', 'cashier1', 'pharmacy cashier'),
(2, 'cashier2', 'cashier2', 'cashier2', 'pharmacy cashier'),
(3, 'admin', 'admin123', 'Administrator', 'admin'),
(4, 'cashier3', 'cashier3', 'cashier3', 'pharmacy cashier');

--
-- Indexes for dumped tables
--

--
-- Indexes for table `collection`
--
ALTER TABLE `collection`
  ADD PRIMARY KEY (`transaction_id`);

--
-- Indexes for table `customer`
--
ALTER TABLE `customer`
  ADD PRIMARY KEY (`customer_id`);

--
-- Indexes for table `pma__bookmark`
--
ALTER TABLE `pma__bookmark`
  ADD PRIMARY KEY (`id`);

--
-- Indexes for table `pma__central_columns`
--
ALTER TABLE `pma__central_columns`
  ADD PRIMARY KEY (`db_name`,`col_name`);

--
-- Indexes for table `pma__column_info`
--
ALTER TABLE `pma__column_info`
  ADD PRIMARY KEY (`id`),
  ADD UNIQUE KEY `db_name` (`db_name`,`table_name`,`column_name`);

--
-- Indexes for table `pma__designer_settings`
--
ALTER TABLE `pma__designer_settings`
  ADD PRIMARY KEY (`username`);

--
-- Indexes for table `pma__export_templates`
--
ALTER TABLE `pma__export_templates`
  ADD PRIMARY KEY (`id`),
  ADD UNIQUE KEY `u_user_type_template` (`username`,`export_type`,`template_name`);

--
-- Indexes for table `pma__favorite`
--
ALTER TABLE `pma__favorite`
  ADD PRIMARY KEY (`username`);

--
-- Indexes for table `pma__history`
--
ALTER TABLE `pma__history`
  ADD PRIMARY KEY (`id`),
  ADD KEY `username` (`username`,`db`,`table`,`timevalue`);

--
-- Indexes for table `pma__navigationhiding`
--
ALTER TABLE `pma__navigationhiding`
  ADD PRIMARY KEY (`username`,`item_name`,`item_type`,`db_name`,`table_name`);

--
-- Indexes for table `pma__pdf_pages`
--
ALTER TABLE `pma__pdf_pages`
  ADD PRIMARY KEY (`page_nr`),
  ADD KEY `db_name` (`db_name`);

--
-- Indexes for table `pma__recent`
--
ALTER TABLE `pma__recent`
  ADD PRIMARY KEY (`username`);

--
-- Indexes for table `pma__relation`
--
ALTER TABLE `pma__relation`
  ADD PRIMARY KEY (`master_db`,`master_table`,`master_field`),
  ADD KEY `foreign_field` (`foreign_db`,`foreign_table`);

--
-- Indexes for table `pma__savedsearches`
--
ALTER TABLE `pma__savedsearches`
  ADD PRIMARY KEY (`id`),
  ADD UNIQUE KEY `u_savedsearches_username_dbname` (`username`,`db_name`,`search_name`);

--
-- Indexes for table `pma__table_coords`
--
ALTER TABLE `pma__table_coords`
  ADD PRIMARY KEY (`db_name`,`table_name`,`pdf_page_number`);

--
-- Indexes for table `pma__table_info`
--
ALTER TABLE `pma__table_info`
  ADD PRIMARY KEY (`db_name`,`table_name`);

--
-- Indexes for table `pma__table_uiprefs`
--
ALTER TABLE `pma__table_uiprefs`
  ADD PRIMARY KEY (`username`,`db_name`,`table_name`);

--
-- Indexes for table `pma__tracking`
--
ALTER TABLE `pma__tracking`
  ADD PRIMARY KEY (`db_name`,`table_name`,`version`);

--
-- Indexes for table `pma__userconfig`
--
ALTER TABLE `pma__userconfig`
  ADD PRIMARY KEY (`username`);

--
-- Indexes for table `pma__usergroups`
--
ALTER TABLE `pma__usergroups`
  ADD PRIMARY KEY (`usergroup`,`tab`,`allowed`);

--
-- Indexes for table `pma__users`
--
ALTER TABLE `pma__users`
  ADD PRIMARY KEY (`username`,`usergroup`);

--
-- Indexes for table `products`
--
ALTER TABLE `products`
  ADD PRIMARY KEY (`product_id`);

--
-- Indexes for table `purchases`
--
ALTER TABLE `purchases`
  ADD PRIMARY KEY (`transaction_id`);

--
-- Indexes for table `purchases_item`
--
ALTER TABLE `purchases_item`
  ADD PRIMARY KEY (`id`);

--
-- Indexes for table `sales`
--
ALTER TABLE `sales`
  ADD PRIMARY KEY (`transaction_id`);

--
-- Indexes for table `sales_order`
--
ALTER TABLE `sales_order`
  ADD PRIMARY KEY (`transaction_id`);

--
-- Indexes for table `supliers`
--
ALTER TABLE `supliers`
  ADD PRIMARY KEY (`suplier_id`);

--
-- Indexes for table `user`
--
ALTER TABLE `user`
  ADD PRIMARY KEY (`id`);

--
-- AUTO_INCREMENT for dumped tables
--

--
-- AUTO_INCREMENT for table `collection`
--
ALTER TABLE `collection`
  MODIFY `transaction_id` int(11) NOT NULL AUTO_INCREMENT, AUTO_INCREMENT=18;

--
-- AUTO_INCREMENT for table `customer`
--
ALTER TABLE `customer`
  MODIFY `customer_id` int(11) NOT NULL AUTO_INCREMENT, AUTO_INCREMENT=19;

--
-- AUTO_INCREMENT for table `pma__bookmark`
--
ALTER TABLE `pma__bookmark`
  MODIFY `id` int(10) UNSIGNED NOT NULL AUTO_INCREMENT;

--
-- AUTO_INCREMENT for table `pma__column_info`
--
ALTER TABLE `pma__column_info`
  MODIFY `id` int(5) UNSIGNED NOT NULL AUTO_INCREMENT;

--
-- AUTO_INCREMENT for table `pma__export_templates`
--
ALTER TABLE `pma__export_templates`
  MODIFY `id` int(5) UNSIGNED NOT NULL AUTO_INCREMENT;

--
-- AUTO_INCREMENT for table `pma__history`
--
ALTER TABLE `pma__history`
  MODIFY `id` bigint(20) UNSIGNED NOT NULL AUTO_INCREMENT;

--
-- AUTO_INCREMENT for table `pma__pdf_pages`
--
ALTER TABLE `pma__pdf_pages`
  MODIFY `page_nr` int(10) UNSIGNED NOT NULL AUTO_INCREMENT;

--
-- AUTO_INCREMENT for table `pma__savedsearches`
--
ALTER TABLE `pma__savedsearches`
  MODIFY `id` int(5) UNSIGNED NOT NULL AUTO_INCREMENT;

--
-- AUTO_INCREMENT for table `products`
--
ALTER TABLE `products`
  MODIFY `product_id` int(11) NOT NULL AUTO_INCREMENT, AUTO_INCREMENT=62;

--
-- AUTO_INCREMENT for table `purchases`
--
ALTER TABLE `purchases`
  MODIFY `transaction_id` int(11) NOT NULL AUTO_INCREMENT, AUTO_INCREMENT=14;

--
-- AUTO_INCREMENT for table `purchases_item`
--
ALTER TABLE `purchases_item`
  MODIFY `id` int(11) NOT NULL AUTO_INCREMENT, AUTO_INCREMENT=12;

--
-- AUTO_INCREMENT for table `sales`
--
ALTER TABLE `sales`
  MODIFY `transaction_id` int(11) NOT NULL AUTO_INCREMENT, AUTO_INCREMENT=163;

--
-- AUTO_INCREMENT for table `sales_order`
--
ALTER TABLE `sales_order`
  MODIFY `transaction_id` int(11) NOT NULL AUTO_INCREMENT, AUTO_INCREMENT=346;

--
-- AUTO_INCREMENT for table `supliers`
--
ALTER TABLE `supliers`
  MODIFY `suplier_id` int(11) NOT NULL AUTO_INCREMENT, AUTO_INCREMENT=7;

--
-- AUTO_INCREMENT for table `user`
--
ALTER TABLE `user`
  MODIFY `id` int(11) NOT NULL AUTO_INCREMENT, AUTO_INCREMENT=5;
COMMIT;

/*!40101 SET CHARACTER_SET_CLIENT=@OLD_CHARACTER_SET_CLIENT */;
/*!40101 SET CHARACTER_SET_RESULTS=@OLD_CHARACTER_SET_RESULTS */;
/*!40101 SET COLLATION_CONNECTION=@OLD_COLLATION_CONNECTION */;
